{"stats":{"minecraft:crafted":{"minecraft:oak_planks":4},"minecraft:mined":{"minecraft:short_grass":9,"minecraft:oak_log":1,"minecraft:sand":3,"minecraft:blue_bed":1},"minecraft:dropped":{"minecraft:wheat_seeds":3},"minecraft:custom":{"minecraft:time_since_rest":7761,"minecraft:deaths":1,"minecraft:play_time":15923,"minecraft:interact_with_furnace":1,"minecraft:sprint_one_cm":15000,"minecraft:damage_taken":200,"minecraft:walk_one_cm":5493,"minecraft:drop":3,"minecraft:jump":115,"minecraft:leave_game":1,"minecraft:time_since_death":0,"minecraft:total_world_time":15923,"minecraft:fall_one_cm":3102,"minecraft:fly_one_cm":36480},"minecraft:picked_up":{"minecraft:wheat_seeds":3,"minecraft:sand":3,"minecraft:oak_log":1,"minecraft:blue_bed":1},"minecraft:killed_by":{"minecraft:spider":1},"minecraft:used":{"minecraft:sand":3,"minecraft:oak_planks":4}},"DataVersion":3953}