{"stats":{"minecraft:crafted":{"minecraft:oak_planks":4},"minecraft:mined":{"minecraft:short_grass":9,"minecraft:oak_log":1,"minecraft:blue_bed":1,"minecraft:sand":3},"minecraft:dropped":{"minecraft:wheat_seeds":3},"minecraft:custom":{"minecraft:jump":105,"minecraft:time_since_rest":3778,"minecraft:interact_with_furnace":1,"minecraft:sprint_one_cm":15000,"minecraft:play_time":3778,"minecraft:time_since_death":3778,"minecraft:walk_one_cm":4240,"minecraft:total_world_time":3778,"minecraft:drop":3,"minecraft:fall_one_cm":3102,"minecraft:fly_one_cm":35996},"minecraft:picked_up":{"minecraft:sand":3,"minecraft:oak_log":1,"minecraft:wheat_seeds":3,"minecraft:blue_bed":1},"minecraft:used":{"minecraft:oak_planks":4,"minecraft:sand":3}},"DataVersion":3953}