{"stats":{"minecraft:picked_up":{"minecraft:crafting_table":4,"minecraft:chicken":2,"minecraft:cornflower":2,"minecraft:string":11,"minecraft:cobbled_deepslate":253,"minecraft:beef":21,"minecraft:oak_boat":2,"minecraft:calcite":5,"minecraft:light_gray_wool":1,"minecraft:sugar_cane":14,"minecraft:furnace":2,"minecraft:raw_iron":52,"minecraft:torch":17,"minecraft:porkchop":26,"minecraft:redstone":96,"minecraft:orange_bed":2,"minecraft:rotten_flesh":36,"minecraft:arrow":23,"minecraft:hay_block":10,"minecraft:tuff_bricks":95,"minecraft:mutton":36,"minecraft:white_wool":23,"minecraft:cobblestone":319,"minecraft:feather":2,"minecraft:andesite":34,"minecraft:leather":11,"minecraft:tuff":3,"minecraft:oak_log":29,"minecraft:gunpowder":8,"minecraft:cobblestone_stairs":2,"minecraft:lapis_lazuli":142,"minecraft:dirt":290,"minecraft:bone":20,"minecraft:bow":1,"minecraft:wheat_seeds":19,"minecraft:raw_gold":20,"minecraft:smooth_basalt":10,"minecraft:dandelion":5,"minecraft:gravel":2,"minecraft:white_bed":2,"minecraft:spider_eye":1,"minecraft:diamond":47,"minecraft:coal":71,"minecraft:sunflower":19},"minecraft:broken":{"minecraft:stone_pickaxe":2,"minecraft:iron_axe":1,"minecraft:stone_axe":1,"minecraft:iron_pickaxe":1,"minecraft:stone_shovel":1},"minecraft:dropped":{"minecraft:dirt":4,"minecraft:torch":1,"minecraft:cornflower":2,"minecraft:sunflower":19,"minecraft:dandelion":5,"minecraft:smooth_basalt":9,"minecraft:gravel":2,"minecraft:stone_axe":1,"minecraft:tuff":3,"minecraft:stone_shovel":1,"minecraft:light_gray_wool":1,"minecraft:gunpowder":3,"minecraft:andesite":34,"minecraft:bow":1,"minecraft:stone_pickaxe":2,"minecraft:wooden_pickaxe":1,"minecraft:calcite":5},"minecraft:killed":{"minecraft:spider":8,"minecraft:skeleton":19,"minecraft:chicken":2,"minecraft:pig":15,"minecraft:zombie_villager":2,"minecraft:creeper":7,"minecraft:sheep":24,"minecraft:zombie":36,"minecraft:cow":10},"minecraft:crafted":{"minecraft:oak_planks":116,"minecraft:stone_shovel":2,"minecraft:furnace":10,"minecraft:cobblestone_stairs":32,"minecraft:cooked_mutton":36,"minecraft:iron_boots":1,"minecraft:iron_axe":1,"minecraft:stone_pickaxe":4,"minecraft:chest":2,"minecraft:cooked_beef":21,"minecraft:cooked_porkchop":7,"minecraft:diamond_axe":1,"minecraft:crafting_table":6,"minecraft:iron_helmet":1,"minecraft:wooden_pickaxe":1,"minecraft:stone_axe":2,"minecraft:air":0,"minecraft:oak_boat":1,"minecraft:iron_chestplate":1,"minecraft:diamond_pickaxe":1,"minecraft:shield":1,"minecraft:stick":60,"minecraft:iron_ingot":52,"minecraft:iron_pickaxe":1,"minecraft:iron_leggings":1,"minecraft:white_bed":1,"minecraft:torch":64},"minecraft:mined":{"minecraft:tuff":5,"minecraft:white_bed":2,"minecraft:deepslate_diamond_ore":47,"minecraft:cobblestone_stairs":2,"minecraft:grass_block":151,"minecraft:tuff_bricks":96,"minecraft:hay_block":10,"minecraft:furnace":2,"minecraft:iron_ore":10,"minecraft:andesite":36,"minecraft:deepslate_lapis_ore":19,"minecraft:deepslate_iron_ore":42,"minecraft:stone":321,"minecraft:orange_bed":2,"minecraft:deepslate_redstone_ore":24,"minecraft:dandelion":1,"minecraft:crafting_table":4,"minecraft:torch":1,"minecraft:short_grass":73,"minecraft:calcite":5,"minecraft:tall_grass":12,"minecraft:cobblestone":4,"minecraft:lapis_ore":2,"minecraft:deepslate_gold_ore":20,"minecraft:sugar_cane":5,"minecraft:wall_torch":14,"minecraft:amethyst_block":13,"minecraft:wheat":2,"minecraft:coal_ore":71,"minecraft:oak_log":29,"minecraft:dirt":129,"minecraft:gravel":2,"minecraft:sunflower":7,"minecraft:smooth_basalt":10,"minecraft:oak_leaves":4,"minecraft:deepslate":261},"minecraft:custom":{"minecraft:mob_kills":124,"minecraft:interact_with_crafting_table":31,"minecraft:leave_game":2,"minecraft:time_since_death":125550,"minecraft:sprint_one_cm":410395,"minecraft:walk_one_cm":445187,"minecraft:damage_blocked_by_shield":1815,"minecraft:drop":18,"minecraft:play_time":125550,"minecraft:sneak_time":13959,"minecraft:walk_under_water_one_cm":1345,"minecraft:boat_one_cm":94386,"minecraft:jump":2218,"minecraft:walk_on_water_one_cm":28861,"minecraft:total_world_time":161798,"minecraft:interact_with_furnace":35,"minecraft:sleep_in_bed":5,"minecraft:time_since_rest":2156,"minecraft:damage_taken":2880,"minecraft:damage_dealt":18834,"minecraft:swim_one_cm":3069,"minecraft:fly_one_cm":359515,"minecraft:open_chest":12,"minecraft:crouch_one_cm":30620,"minecraft:fall_one_cm":54673},"minecraft:used":{"minecraft:stone_shovel":237,"minecraft:chest":2,"minecraft:shield":30,"minecraft:iron_chestplate":1,"minecraft:orange_bed":2,"minecraft:torch":80,"minecraft:dirt":64,"minecraft:iron_axe":131,"minecraft:iron_helmet":1,"minecraft:iron_boots":1,"minecraft:smooth_basalt":1,"minecraft:furnace":12,"minecraft:cooked_beef":21,"minecraft:cobbled_deepslate":1,"minecraft:iron_leggings":1,"minecraft:cooked_mutton":12,"minecraft:water_bucket":101,"minecraft:cobblestone_stairs":26,"minecraft:stone_pickaxe":456,"minecraft:wooden_pickaxe":35,"minecraft:sugar_cane":14,"minecraft:diamond_axe":73,"minecraft:crafting_table":9,"minecraft:white_bed":3,"minecraft:diamond_pickaxe":296,"minecraft:iron_pickaxe":248,"minecraft:stone_axe":112,"minecraft:cobblestone":179,"minecraft:cooked_porkchop":7,"minecraft:bucket":101,"minecraft:oak_boat":2}},"DataVersion":3955}